Query,Expected_Doc,Top1_Correct,Top5_Correct,Expected_Rank,Search_Time,Top1_Doc,Top1_Score,Keywords_Found,Total_Matches,Unique_Keywords
Cómo alto a un paciente paliativo con hospitalización a domicilio?,Abordatge del pacient en situacio de final de vida ingressat al Dispositiu dHospitalitzacio a Domicili HDOM_limpio.txt,False,True,4,0.0896,Cateterisme periferic de linia mitja o midline_limpio,0.8391,1,1,1
Quien gestiona el ingreso al centro de atención intermedia en situación de final de vida?,Abordatge del pacient en situacio de final de vida ingressat al Dispositiu dHospitalitzacio a Domicili HDOM_limpio.txt,False,True,4,0.1097,Codi final de vida a Urgencies Intervencio de Treball Social_limpio,8.7711,2,19,2
Que escalas debo pasar en la valoración integral de una paciente con patología oncológica ginecologi,Abordatge integral de la dona amb cancer ginecologic en tractament sistemic_limpio.txt,False,False,167,0.1781,Crisi Comicial_limpio,10.4492,2,23,2
A quien debo hacer interconsulta en caso de paciente de onco gine?,Abordatge integral de la dona amb cancer ginecologic en tractament sistemic_limpio.txt,True,True,1,0.0908,Abordatge integral de la dona amb cancer ginecologic en tractament sistemic_limpio,1.7172,1,3,1
"Quien debe aprobar que se de una prestación fuera del siscat, de carácter excepcional?",Acces a lassistencia sanitaria per a convenis internacionals i prestacions de caracter excepcional CASCIPE_limpio.txt,False,False,19,0.1790,Carreto daturada cardiorespiratoria a la Seu Granollers revisio periodica de lestoc i desfibrillador_limpio,15.6557,3,35,3
Dame el link de acceso al CASCIPE,Acces a lassistencia sanitaria per a convenis internacionals i prestacions de caracter excepcional CASCIPE_limpio.txt,True,True,1,0.0481,Acces a lassistencia sanitaria per a convenis internacionals i prestacions de caracter excepcional CASCIPE_limpio,3.6217,1,7,1
Quien realiza la acogida en situación de pandemia?,Acollida electiva del pacient a la unitat dhospitalitzacio en situacio de pandemia_limpio.txt,False,False,10,0.0600,Abordatge del pacient en situacio de final de vida ingressat al Dispositiu dHospitalitzacio a Domicili HDOM_limpio,0.0000,0,0,0
Que variables clínicas se cogen en caso de acogida de paciente en pandemia?,Acollida electiva del pacient a la unitat dhospitalitzacio en situacio de pandemia_limpio.txt,False,False,37,0.1188,Alta infermeria_limpio,8.3031,1,18,1
Con quien debo coordinar la medicación a administrar cuando un paciente entra en el CDI?,Acollida i atencio integral al pacient en el CDI_limpio.txt,True,True,1,0.1366,Acollida i atencio integral al pacient en el CDI_limpio,4.1562,2,8,2
"En paciente con DAI en radiología, hay que llevar el desfribilador?",Acollida i atencio integral al pacient en el CDI_limpio.txt,False,False,36,0.1161,Alta infermeria_limpio,8.3031,1,18,1
Que debo hacer en una crisis tonico-clónica?,Actuacio davant una crisi epileptica generalitzada tonicoclonica a la unitat depilepsia_limpio.txt,False,False,9,0.1207,Crisi Comicial_limpio,13.5906,3,30,3
Cuanto tiempo debe estar monitorizado tras una crisis tonico-clónica?,Actuacio davant una crisi epileptica generalitzada tonicoclonica a la unitat depilepsia_limpio.txt,False,False,6,0.1382,Crisi Comicial_limpio,8.2214,3,17,3
Busca de la matrona senior de la mater,Actuacio en situacions demergencia obstetrica seu Maternitat circuit de trucades interdisciplinars davis_limpio.txt,False,False,53,0.0513,Alta del pacient trasplantat hepatic_limpio,3.0344,1,6,1
Cual es el número de emergencia en la sede de maternidad?,Actuacio en situacions demergencia obstetrica seu Maternitat circuit de trucades interdisciplinars davis_limpio.txt,False,False,14,0.0635,Gestio de procediments normalitzats de treball PNT a la Inther Unit_limpio,2.1562,1,4,1
Que puedo hacer para favorecer el descanso nocturno de un paciente?,Adequacio de lentorn a la unitat per afavorir el descans nocturn del pacient_limpio.txt,False,True,4,0.1154,Alta infermeria_limpio,8.3031,1,18,1
Se puede quedar un familiar por la noche?,Adequacio de lentorn a la unitat per afavorir el descans nocturn del pacient_limpio.txt,False,False,27,0.0636,Aillament social solitud_limpio,2.1562,1,4,1
Que puedo nebulizar de antibiótico?,Administracio dantibiotics via inhalatoria_limpio.txt,False,False,23,0.0913,Alta infermeria_limpio,8.3031,1,18,1
Como nubulizo un atb en un paciente con canula de plata?,Administracio dantibiotics via inhalatoria_limpio.txt,False,True,4,0.0819,Canvi de canula de traqueotomia en pacients de CMF i ORL_limpio,2.5953,1,5,1
Número de busca del equipo de HDOM,Administracio de Levosimendan a lHospitalitzacio a domicili HDOM_limpio.txt,False,False,9,0.0844,Escalada de cures i derivacio dun pacient ingressat a HDOM a lhospital convencional_limpio,13.4466,2,30,2
A que temperatura se debe guardar el levosimendam?,Administracio de Levosimendan a lHospitalitzacio a domicili HDOM_limpio.txt,False,False,215,0.0847,Alta infermeria_limpio,8.3031,1,18,1
Cuando debería usar cámara espaciadora para nebulizar?,Administracio de medicaments Via Inhalatoria Pols seca_limpio.txt,False,False,43,0.0857,Administracio dantibiotics via inhalatoria_limpio,1.7172,1,3,1
Como se debe colocar la lengua en la nebulización de medicación?,Administracio de medicaments Via Inhalatoria Pols seca_limpio.txt,False,False,41,0.0717,Cateter central dinsercio periferica PICC en el nounat_limpio,0.8391,1,1,1
Que medicamentos se nebulizan en forma de polvo seco?,Administracio de medicaments Via inhalatoria amb cartutx pressuritzat_limpio.txt,False,False,19,0.1000,Adequacio de lentorn a la unitat per afavorir el descans nocturn del pacient_limpio,9.1906,2,20,2
Como se utiliza la nebulización en forma de polvo seco en monodosis?,Administracio de medicaments Via inhalatoria amb cartutx pressuritzat_limpio.txt,False,True,4,0.0903,Adequacio de lentorn a la unitat per afavorir el descans nocturn del pacient_limpio,2.5953,1,5,1
A cuantos litros se debe poner el aire en la nebulización de medicación?,Administracio de medicaments Via inhalatoria_limpio.txt,False,True,2,0.0857,Administracio de medicaments Via intramuscular_limpio,3.0344,1,6,1
Nebulizo la medicación con oxigeno o con aire?,Administracio de medicaments Via inhalatoria_limpio.txt,False,True,3,0.0735,Administracio de medicaments Via intramuscular_limpio,3.0344,1,6,1
Que podemos administrar por vía  intradérmica?,Administracio de medicaments Via intradermica_limpio.txt,False,False,16,0.0962,Administracio de medicaments Via oral_limpio,8.3516,2,18,2
Como se que he administrado un fármaco intradérmico de forma correcta?,Administracio de medicaments Via intradermica_limpio.txt,False,False,29,0.1091,Adequacio de lentorn a la unitat per afavorir el descans nocturn del pacient_limpio,9.1906,2,20,2
Como cargo medicación para administración intramuscular?,Administracio de medicaments Via intramuscular_limpio.txt,True,True,1,0.0698,Administracio de medicaments Via intramuscular_limpio,2.1562,1,4,1
Que volumen máximo puedo administrar de forma intramuscular?,Administracio de medicaments Via intramuscular_limpio.txt,False,True,2,0.1126,Adequacio de lentorn a la unitat per afavorir el descans nocturn del pacient_limpio,9.8734,3,21,3
Como se administra un fármaco en bolus?,Administracio de medicaments Via intravenosa_limpio.txt,False,True,4,0.0501,Atencio a les persones en situacio dultims dies de vida_limpio,3.4734,1,7,1
Donde preparo la medicación iv de un paciente domiciliario?,Administracio de medicaments Via intravenosa_limpio.txt,False,False,53,0.0625,Abordatge del pacient en situacio de final de vida ingressat al Dispositiu dHospitalitzacio a Domicili HDOM_limpio,0.0000,0,0,0
Que tipos de medicación via oftálmica hay?,Administracio de medicaments Via oftalmica_limpio.txt,False,False,103,0.1035,Administracio de medicaments Via oral_limpio,8.7711,2,19,2
Durante cuanto tiempo puedo guardar un colirio para reutilizarlo?,Administracio de medicaments Via oftalmica_limpio.txt,False,True,3,0.0903,Administracio dantibiotics via inhalatoria_limpio,1.7172,1,3,1
Como se si un fármaco está en buen estado?,Administracio de medicaments Via oral_limpio.txt,False,False,63,0.0578,Cateter central dinsercio periferica PICC en el nounat_limpio,0.8391,1,1,1
Como administro un fármaco via oral en un paciente con disfagia?,Administracio de medicaments Via oral_limpio.txt,True,True,1,0.1053,Administracio de medicaments Via oral_limpio,6.2539,2,13,2
Como identifico una pluma de insulina de un paciente?,Administracio dinsulina Via subcutania_limpio.txt,False,True,2,0.0880,Gestio de la glucemia en hospitalitzacio de curta estada_limpio,10.8688,2,24,2
Efectos secundarios de la insulina,Administracio dinsulina Via subcutania_limpio.txt,False,True,2,0.0377,Gestio de la glucemia en hospitalitzacio de curta estada_limpio,9.6203,1,21,1
En cuanto puedo diluir el ferinject?,Administracio segura de ferroterapia intravenosa al domicili_limpio.txt,True,True,1,0.0492,Administracio segura de ferroterapia intravenosa al domicili_limpio,3.7367,2,7,2
Cuales son los efectos secundarios más importantes del hierro iv?,Administracio segura de ferroterapia intravenosa al domicili_limpio.txt,False,False,14,0.1276,Drenatges abdominals_limpio,12.6938,1,28,1
Que debo hacer en caso de tener un paciente en aislamiento social no deseado?,Aillament social solitud_limpio.txt,False,True,2,0.1269,Alta infermeria_limpio,9.1906,2,20,2
A quien se interconsulta si tengo un paciente aislado?,Aillament social solitud_limpio.txt,False,False,90,0.0590,Abordatge integral de la dona amb cancer ginecologic en tractament sistemic_limpio,1.7172,1,3,1
La rivabirina necesita receta de prosereme?,Alta del pacient trasplantat hepatic_limpio.txt,True,True,1,0.0491,Alta del pacient trasplantat hepatic_limpio,3.3172,2,6,2
Consideraciones al pautar pentamidina,Alta del pacient trasplantat hepatic_limpio.txt,False,True,3,0.0384,Administracio dantibiotics via inhalatoria_limpio,1.2781,1,2,1
Que debo revisar al alta de un paciente de enfermería,Alta infermeria_limpio.txt,True,True,1,0.1003,Alta infermeria_limpio,14.2250,2,32,2
Que puedo prescribir como enfermera al alta?,Alta infermeria_limpio.txt,True,True,1,0.0938,Alta infermeria_limpio,14.2250,2,32,2
Quien da la magnetoterapia?,Aplicacio de la tecnica terapeutica magnetoterapia_limpio.txt,False,False,84,0.0257,Abordatge del pacient en situacio de final de vida ingressat al Dispositiu dHospitalitzacio a Domicili HDOM_limpio,0.0000,0,0,0
Puedo dar magnetoterapia en un paciente con audífonos?,Aplicacio de la tecnica terapeutica magnetoterapia_limpio.txt,False,False,87,0.0698,Cateterisme periferic de linia mitja o midline_limpio,0.8391,1,1,1
